text,label
film ini terasa cukup melelahkan untuk diikuti karena endingnya terasa kurang memuaskan. akting beberapa pemain terasa kurang meyakinkan sehingga film ini tidak meninggalkan kesan berarti bagi saya.,negatif
film ini tidak berjalan sebaik yang saya harapkan karena akting beberapa pemain terasa kurang meyakinkan. beberapa adegan berjalan terlalu lama sehingga secara keseluruhan pengalaman menontonnya terasa mengecewakan.,negatif
film ini tidak berjalan sebaik yang saya harapkan karena endingnya terasa kurang memuaskan. dialognya terasa kaku di beberapa bagian sehingga film ini terasa kurang matang secara keseluruhan.,negatif
film ini tidak berjalan sebaik yang saya harapkan karena dialognya terasa kaku di beberapa bagian. akting beberapa pemain terasa kurang meyakinkan sehingga secara keseluruhan pengalaman menontonnya terasa mengecewakan.,negatif
saya merasa film ini kehilangan arah di tengah cerita karena alur ceritanya terasa berantakan dan sulit diikuti. beberapa adegan berjalan terlalu lama sehingga film ini tidak meninggalkan kesan berarti bagi saya.,negatif
film ini tidak berjalan sebaik yang saya harapkan karena beberapa adegan berjalan terlalu lama. dialognya terasa kaku di beberapa bagian sehingga saya tidak terlalu menikmati film ini sampai akhir.,negatif
film ini tidak berjalan sebaik yang saya harapkan karena akting beberapa pemain terasa kurang meyakinkan. alur ceritanya terasa berantakan dan sulit diikuti sehingga film ini tidak meninggalkan kesan berarti bagi saya.,negatif
saya merasa film ini kehilangan arah di tengah cerita karena dialognya terasa kaku di beberapa bagian. dialognya terasa kaku di beberapa bagian sehingga secara keseluruhan pengalaman menontonnya terasa mengecewakan.,negatif
awalnya konsep film ini terlihat cukup menarik karena dialognya terasa kaku di beberapa bagian. endingnya terasa kurang memuaskan sehingga saya tidak tertarik untuk menontonnya lagi.,negatif
saya merasa film ini kehilangan arah di tengah cerita karena endingnya terasa kurang memuaskan. emosi yang ingin disampaikan terasa kurang sampai sehingga saya tidak terlalu menikmati film ini sampai akhir.,negatif
jujur saya cukup kecewa dengan film ini karena alur ceritanya terasa berantakan dan sulit diikuti. dialognya terasa kaku di beberapa bagian sehingga film ini tidak meninggalkan kesan berarti bagi saya.,negatif
film ini terasa cukup melelahkan untuk diikuti karena dialognya terasa kaku di beberapa bagian. alur ceritanya terasa berantakan dan sulit diikuti sehingga secara keseluruhan pengalaman menontonnya terasa mengecewakan.,negatif
film ini terasa cukup melelahkan untuk diikuti karena beberapa adegan berjalan terlalu lama. dialognya terasa kaku di beberapa bagian sehingga saya tidak terlalu menikmati film ini sampai akhir.,negatif
saya merasa film ini kehilangan arah di tengah cerita karena emosi yang ingin disampaikan terasa kurang sampai. emosi yang ingin disampaikan terasa kurang sampai sehingga secara keseluruhan pengalaman menontonnya terasa mengecewakan.,negatif
saya merasa film ini kehilangan arah di tengah cerita karena emosi yang ingin disampaikan terasa kurang sampai. akting beberapa pemain terasa kurang meyakinkan sehingga saya tidak terlalu menikmati film ini sampai akhir.,negatif
jujur saya cukup kecewa dengan film ini karena endingnya terasa kurang memuaskan. beberapa adegan berjalan terlalu lama sehingga secara keseluruhan pengalaman menontonnya terasa mengecewakan.,negatif
film ini terasa cukup melelahkan untuk diikuti karena emosi yang ingin disampaikan terasa kurang sampai. endingnya terasa kurang memuaskan sehingga film ini tidak meninggalkan kesan berarti bagi saya.,negatif
awalnya konsep film ini terlihat cukup menarik karena beberapa adegan berjalan terlalu lama. alur ceritanya terasa berantakan dan sulit diikuti sehingga saya tidak terlalu menikmati film ini sampai akhir.,negatif
film ini terasa cukup melelahkan untuk diikuti karena dialognya terasa kaku di beberapa bagian. endingnya terasa kurang memuaskan sehingga secara keseluruhan pengalaman menontonnya terasa mengecewakan.,negatif
awalnya konsep film ini terlihat cukup menarik karena emosi yang ingin disampaikan terasa kurang sampai. dialognya terasa kaku di beberapa bagian sehingga film ini terasa kurang matang secara keseluruhan.,negatif
awalnya konsep film ini terlihat cukup menarik karena beberapa adegan berjalan terlalu lama. endingnya terasa kurang memuaskan sehingga saya tidak terlalu menikmati film ini sampai akhir.,negatif
film ini terasa cukup melelahkan untuk diikuti karena akting beberapa pemain terasa kurang meyakinkan. akting beberapa pemain terasa kurang meyakinkan sehingga film ini terasa kurang matang secara keseluruhan.,negatif
saya merasa film ini kehilangan arah di tengah cerita karena endingnya terasa kurang memuaskan. endingnya terasa kurang memuaskan sehingga film ini tidak meninggalkan kesan berarti bagi saya.,negatif
film ini terasa cukup melelahkan untuk diikuti karena emosi yang ingin disampaikan terasa kurang sampai. dialognya terasa kaku di beberapa bagian sehingga film ini terasa kurang matang secara keseluruhan.,negatif
film ini terasa cukup melelahkan untuk diikuti karena alur ceritanya terasa berantakan dan sulit diikuti. dialognya terasa kaku di beberapa bagian sehingga saya tidak terlalu menikmati film ini sampai akhir.,negatif
film ini tidak berjalan sebaik yang saya harapkan karena beberapa adegan berjalan terlalu lama. emosi yang ingin disampaikan terasa kurang sampai sehingga saya tidak tertarik untuk menontonnya lagi.,negatif
awalnya konsep film ini terlihat cukup menarik karena beberapa adegan berjalan terlalu lama. beberapa adegan berjalan terlalu lama sehingga film ini terasa kurang matang secara keseluruhan.,negatif
film ini tidak berjalan sebaik yang saya harapkan karena emosi yang ingin disampaikan terasa kurang sampai. beberapa adegan berjalan terlalu lama sehingga film ini tidak meninggalkan kesan berarti bagi saya.,negatif
jujur saya cukup kecewa dengan film ini karena dialognya terasa kaku di beberapa bagian. emosi yang ingin disampaikan terasa kurang sampai sehingga saya tidak tertarik untuk menontonnya lagi.,negatif
awalnya konsep film ini terlihat cukup menarik karena alur ceritanya terasa berantakan dan sulit diikuti. akting beberapa pemain terasa kurang meyakinkan sehingga saya tidak terlalu menikmati film ini sampai akhir.,negatif
film ini tidak berjalan sebaik yang saya harapkan karena akting beberapa pemain terasa kurang meyakinkan. akting beberapa pemain terasa kurang meyakinkan sehingga secara keseluruhan pengalaman menontonnya terasa mengecewakan.,negatif
jujur saya cukup kecewa dengan film ini karena akting beberapa pemain terasa kurang meyakinkan. beberapa adegan berjalan terlalu lama sehingga saya tidak tertarik untuk menontonnya lagi.,negatif
jujur saya cukup kecewa dengan film ini karena beberapa adegan berjalan terlalu lama. beberapa adegan berjalan terlalu lama sehingga saya tidak tertarik untuk menontonnya lagi.,negatif
film ini tidak berjalan sebaik yang saya harapkan karena endingnya terasa kurang memuaskan. endingnya terasa kurang memuaskan sehingga film ini terasa kurang matang secara keseluruhan.,negatif
saya merasa film ini kehilangan arah di tengah cerita karena beberapa adegan berjalan terlalu lama. akting beberapa pemain terasa kurang meyakinkan sehingga film ini tidak meninggalkan kesan berarti bagi saya.,negatif
jujur saya cukup kecewa dengan film ini karena alur ceritanya terasa berantakan dan sulit diikuti. beberapa adegan berjalan terlalu lama sehingga film ini tidak meninggalkan kesan berarti bagi saya.,negatif
film ini tidak berjalan sebaik yang saya harapkan karena endingnya terasa kurang memuaskan. emosi yang ingin disampaikan terasa kurang sampai sehingga film ini terasa kurang matang secara keseluruhan.,negatif
jujur saya cukup kecewa dengan film ini karena emosi yang ingin disampaikan terasa kurang sampai. akting beberapa pemain terasa kurang meyakinkan sehingga secara keseluruhan pengalaman menontonnya terasa mengecewakan.,negatif
saya merasa film ini kehilangan arah di tengah cerita karena akting beberapa pemain terasa kurang meyakinkan. beberapa adegan berjalan terlalu lama sehingga saya tidak tertarik untuk menontonnya lagi.,negatif
film ini terasa cukup melelahkan untuk diikuti karena endingnya terasa kurang memuaskan. emosi yang ingin disampaikan terasa kurang sampai sehingga film ini terasa kurang matang secara keseluruhan.,negatif
film ini terasa cukup melelahkan untuk diikuti karena beberapa adegan berjalan terlalu lama. akting beberapa pemain terasa kurang meyakinkan sehingga film ini terasa kurang matang secara keseluruhan.,negatif
saya merasa film ini kehilangan arah di tengah cerita karena dialognya terasa kaku di beberapa bagian. akting beberapa pemain terasa kurang meyakinkan sehingga saya tidak terlalu menikmati film ini sampai akhir.,negatif
film ini terasa cukup melelahkan untuk diikuti karena beberapa adegan berjalan terlalu lama. endingnya terasa kurang memuaskan sehingga film ini tidak meninggalkan kesan berarti bagi saya.,negatif
film ini tidak berjalan sebaik yang saya harapkan karena dialognya terasa kaku di beberapa bagian. dialognya terasa kaku di beberapa bagian sehingga saya tidak terlalu menikmati film ini sampai akhir.,negatif
film ini terasa cukup melelahkan untuk diikuti karena alur ceritanya terasa berantakan dan sulit diikuti. akting beberapa pemain terasa kurang meyakinkan sehingga film ini tidak meninggalkan kesan berarti bagi saya.,negatif
film ini tidak berjalan sebaik yang saya harapkan karena beberapa adegan berjalan terlalu lama. endingnya terasa kurang memuaskan sehingga film ini tidak meninggalkan kesan berarti bagi saya.,negatif
film ini tidak berjalan sebaik yang saya harapkan karena alur ceritanya terasa berantakan dan sulit diikuti. beberapa adegan berjalan terlalu lama sehingga film ini terasa kurang matang secara keseluruhan.,negatif
awalnya konsep film ini terlihat cukup menarik karena emosi yang ingin disampaikan terasa kurang sampai. beberapa adegan berjalan terlalu lama sehingga film ini terasa kurang matang secara keseluruhan.,negatif
jujur saya cukup kecewa dengan film ini karena akting beberapa pemain terasa kurang meyakinkan. beberapa adegan berjalan terlalu lama sehingga film ini terasa kurang matang secara keseluruhan.,negatif
film ini terasa cukup melelahkan untuk diikuti karena endingnya terasa kurang memuaskan. alur ceritanya terasa berantakan dan sulit diikuti sehingga saya tidak tertarik untuk menontonnya lagi.,negatif
saya merasa film ini kehilangan arah di tengah cerita karena beberapa adegan berjalan terlalu lama. alur ceritanya terasa berantakan dan sulit diikuti sehingga saya tidak terlalu menikmati film ini sampai akhir.,negatif
awalnya konsep film ini terlihat cukup menarik karena beberapa adegan berjalan terlalu lama. beberapa adegan berjalan terlalu lama sehingga saya tidak tertarik untuk menontonnya lagi.,negatif
film ini terasa cukup melelahkan untuk diikuti karena emosi yang ingin disampaikan terasa kurang sampai. akting beberapa pemain terasa kurang meyakinkan sehingga film ini terasa kurang matang secara keseluruhan.,negatif
film ini tidak berjalan sebaik yang saya harapkan karena dialognya terasa kaku di beberapa bagian. beberapa adegan berjalan terlalu lama sehingga film ini terasa kurang matang secara keseluruhan.,negatif
jujur saya cukup kecewa dengan film ini karena beberapa adegan berjalan terlalu lama. dialognya terasa kaku di beberapa bagian sehingga film ini terasa kurang matang secara keseluruhan.,negatif
film ini tidak berjalan sebaik yang saya harapkan karena beberapa adegan berjalan terlalu lama. akting beberapa pemain terasa kurang meyakinkan sehingga saya tidak tertarik untuk menontonnya lagi.,negatif
film ini terasa cukup melelahkan untuk diikuti karena alur ceritanya terasa berantakan dan sulit diikuti. beberapa adegan berjalan terlalu lama sehingga saya tidak tertarik untuk menontonnya lagi.,negatif
film ini terasa cukup melelahkan untuk diikuti karena endingnya terasa kurang memuaskan. alur ceritanya terasa berantakan dan sulit diikuti sehingga secara keseluruhan pengalaman menontonnya terasa mengecewakan.,negatif
saya merasa film ini kehilangan arah di tengah cerita karena akting beberapa pemain terasa kurang meyakinkan. beberapa adegan berjalan terlalu lama sehingga film ini tidak meninggalkan kesan berarti bagi saya.,negatif
jujur saya cukup kecewa dengan film ini karena dialognya terasa kaku di beberapa bagian. beberapa adegan berjalan terlalu lama sehingga saya tidak terlalu menikmati film ini sampai akhir.,negatif
saya merasa film ini kehilangan arah di tengah cerita karena dialognya terasa kaku di beberapa bagian. beberapa adegan berjalan terlalu lama sehingga saya tidak terlalu menikmati film ini sampai akhir.,negatif
jujur saya cukup kecewa dengan film ini karena beberapa adegan berjalan terlalu lama. alur ceritanya terasa berantakan dan sulit diikuti sehingga saya tidak tertarik untuk menontonnya lagi.,negatif
jujur saya cukup kecewa dengan film ini karena dialognya terasa kaku di beberapa bagian. akting beberapa pemain terasa kurang meyakinkan sehingga secara keseluruhan pengalaman menontonnya terasa mengecewakan.,negatif
jujur saya cukup kecewa dengan film ini karena alur ceritanya terasa berantakan dan sulit diikuti. akting beberapa pemain terasa kurang meyakinkan sehingga film ini tidak meninggalkan kesan berarti bagi saya.,negatif
jujur saya cukup kecewa dengan film ini karena emosi yang ingin disampaikan terasa kurang sampai. akting beberapa pemain terasa kurang meyakinkan sehingga film ini tidak meninggalkan kesan berarti bagi saya.,negatif
film ini tidak berjalan sebaik yang saya harapkan karena beberapa adegan berjalan terlalu lama. endingnya terasa kurang memuaskan sehingga secara keseluruhan pengalaman menontonnya terasa mengecewakan.,negatif
film ini terasa cukup melelahkan untuk diikuti karena akting beberapa pemain terasa kurang meyakinkan. beberapa adegan berjalan terlalu lama sehingga saya tidak terlalu menikmati film ini sampai akhir.,negatif
awalnya konsep film ini terlihat cukup menarik karena akting beberapa pemain terasa kurang meyakinkan. emosi yang ingin disampaikan terasa kurang sampai sehingga saya tidak tertarik untuk menontonnya lagi.,negatif
jujur saya cukup kecewa dengan film ini karena akting beberapa pemain terasa kurang meyakinkan. dialognya terasa kaku di beberapa bagian sehingga secara keseluruhan pengalaman menontonnya terasa mengecewakan.,negatif
film ini terasa cukup melelahkan untuk diikuti karena alur ceritanya terasa berantakan dan sulit diikuti. dialognya terasa kaku di beberapa bagian sehingga saya tidak tertarik untuk menontonnya lagi.,negatif
saya merasa film ini kehilangan arah di tengah cerita karena beberapa adegan berjalan terlalu lama. endingnya terasa kurang memuaskan sehingga film ini tidak meninggalkan kesan berarti bagi saya.,negatif
jujur saya cukup kecewa dengan film ini karena emosi yang ingin disampaikan terasa kurang sampai. endingnya terasa kurang memuaskan sehingga film ini tidak meninggalkan kesan berarti bagi saya.,negatif
jujur saya cukup kecewa dengan film ini karena endingnya terasa kurang memuaskan. dialognya terasa kaku di beberapa bagian sehingga saya tidak tertarik untuk menontonnya lagi.,negatif
jujur saya cukup kecewa dengan film ini karena emosi yang ingin disampaikan terasa kurang sampai. alur ceritanya terasa berantakan dan sulit diikuti sehingga saya tidak terlalu menikmati film ini sampai akhir.,negatif
film ini terasa cukup melelahkan untuk diikuti karena beberapa adegan berjalan terlalu lama. endingnya terasa kurang memuaskan sehingga saya tidak terlalu menikmati film ini sampai akhir.,negatif
jujur saya cukup kecewa dengan film ini karena emosi yang ingin disampaikan terasa kurang sampai. endingnya terasa kurang memuaskan sehingga saya tidak terlalu menikmati film ini sampai akhir.,negatif
jujur saya cukup kecewa dengan film ini karena beberapa adegan berjalan terlalu lama. beberapa adegan berjalan terlalu lama sehingga secara keseluruhan pengalaman menontonnya terasa mengecewakan.,negatif
saya merasa film ini kehilangan arah di tengah cerita karena dialognya terasa kaku di beberapa bagian. endingnya terasa kurang memuaskan sehingga film ini terasa kurang matang secara keseluruhan.,negatif
awalnya konsep film ini terlihat cukup menarik karena emosi yang ingin disampaikan terasa kurang sampai. emosi yang ingin disampaikan terasa kurang sampai sehingga film ini terasa kurang matang secara keseluruhan.,negatif
saya merasa film ini kehilangan arah di tengah cerita karena beberapa adegan berjalan terlalu lama. endingnya terasa kurang memuaskan sehingga saya tidak tertarik untuk menontonnya lagi.,negatif
awalnya konsep film ini terlihat cukup menarik karena dialognya terasa kaku di beberapa bagian. akting beberapa pemain terasa kurang meyakinkan sehingga secara keseluruhan pengalaman menontonnya terasa mengecewakan.,negatif
awalnya konsep film ini terlihat cukup menarik karena beberapa adegan berjalan terlalu lama. akting beberapa pemain terasa kurang meyakinkan sehingga film ini terasa kurang matang secara keseluruhan.,negatif
film ini terasa cukup melelahkan untuk diikuti karena emosi yang ingin disampaikan terasa kurang sampai. endingnya terasa kurang memuaskan sehingga film ini terasa kurang matang secara keseluruhan.,negatif
awalnya konsep film ini terlihat cukup menarik karena alur ceritanya terasa berantakan dan sulit diikuti. beberapa adegan berjalan terlalu lama sehingga saya tidak terlalu menikmati film ini sampai akhir.,negatif
film ini tidak berjalan sebaik yang saya harapkan karena beberapa adegan berjalan terlalu lama. akting beberapa pemain terasa kurang meyakinkan sehingga saya tidak terlalu menikmati film ini sampai akhir.,negatif
awalnya konsep film ini terlihat cukup menarik karena dialognya terasa kaku di beberapa bagian. dialognya terasa kaku di beberapa bagian sehingga saya tidak tertarik untuk menontonnya lagi.,negatif
awalnya konsep film ini terlihat cukup menarik karena emosi yang ingin disampaikan terasa kurang sampai. alur ceritanya terasa berantakan dan sulit diikuti sehingga saya tidak tertarik untuk menontonnya lagi.,negatif
film ini tidak berjalan sebaik yang saya harapkan karena alur ceritanya terasa berantakan dan sulit diikuti. akting beberapa pemain terasa kurang meyakinkan sehingga film ini terasa kurang matang secara keseluruhan.,negatif
saya merasa film ini kehilangan arah di tengah cerita karena emosi yang ingin disampaikan terasa kurang sampai. akting beberapa pemain terasa kurang meyakinkan sehingga film ini terasa kurang matang secara keseluruhan.,negatif
saya merasa film ini kehilangan arah di tengah cerita karena beberapa adegan berjalan terlalu lama. alur ceritanya terasa berantakan dan sulit diikuti sehingga secara keseluruhan pengalaman menontonnya terasa mengecewakan.,negatif
awalnya konsep film ini terlihat cukup menarik karena akting beberapa pemain terasa kurang meyakinkan. beberapa adegan berjalan terlalu lama sehingga film ini tidak meninggalkan kesan berarti bagi saya.,negatif
awalnya konsep film ini terlihat cukup menarik karena endingnya terasa kurang memuaskan. emosi yang ingin disampaikan terasa kurang sampai sehingga saya tidak terlalu menikmati film ini sampai akhir.,negatif
saya merasa film ini kehilangan arah di tengah cerita karena emosi yang ingin disampaikan terasa kurang sampai. emosi yang ingin disampaikan terasa kurang sampai sehingga saya tidak terlalu menikmati film ini sampai akhir.,negatif
awalnya konsep film ini terlihat cukup menarik karena endingnya terasa kurang memuaskan. beberapa adegan berjalan terlalu lama sehingga saya tidak terlalu menikmati film ini sampai akhir.,negatif
film ini tidak berjalan sebaik yang saya harapkan karena dialognya terasa kaku di beberapa bagian. alur ceritanya terasa berantakan dan sulit diikuti sehingga saya tidak tertarik untuk menontonnya lagi.,negatif
film ini tidak berjalan sebaik yang saya harapkan karena akting beberapa pemain terasa kurang meyakinkan. akting beberapa pemain terasa kurang meyakinkan sehingga film ini terasa kurang matang secara keseluruhan.,negatif
awalnya konsep film ini terlihat cukup menarik karena endingnya terasa kurang memuaskan. emosi yang ingin disampaikan terasa kurang sampai sehingga saya tidak tertarik untuk menontonnya lagi.,negatif
film ini terasa cukup melelahkan untuk diikuti karena dialognya terasa kaku di beberapa bagian. alur ceritanya terasa berantakan dan sulit diikuti sehingga film ini tidak meninggalkan kesan berarti bagi saya.,negatif
awalnya konsep film ini terlihat cukup menarik karena akting beberapa pemain terasa kurang meyakinkan. dialognya terasa kaku di beberapa bagian sehingga film ini tidak meninggalkan kesan berarti bagi saya.,negatif
awalnya konsep film ini terlihat cukup menarik karena alur ceritanya terasa berantakan dan sulit diikuti. endingnya terasa kurang memuaskan sehingga saya tidak tertarik untuk menontonnya lagi.,negatif
